Fibra,LC_Ratio,k_h,VUF_Estimada_Dias
Typha (Este Estudo),0.45,0.0014793655903957094,19.522647215017187
Coir (Lit),1.28,0.0005,57.7622650466621
Sisal (Lit),0.15,0.004,7.220283130832763
Juta (Lit),0.2,0.0035,8.251752149523158
Banana (Lit),0.25,0.003,9.627044174443684
