Comparação,n1,n2,Mediana1,Mediana2,U,p-valor,Cohen's d,Efeito,p-corrigido,Significativo
T0 vs T1,18,18,4.638713333,9.707548333333333,79.0,0.009044897588158749,-1.0241289698514604,grande,0.054269385528952496,Não
T0 vs T2,18,18,4.638713333,8.173946666666666,120.0,0.18915383804728692,-0.6059830250596331,médio,1.0,Não
T0 vs T3,18,18,4.638713333,16.55267,20.0,7.564610341754308e-06,-2.0337043955685696,grande,4.538766205052585e-05,Sim
T1 vs T2,18,18,9.707548333333333,8.173946666666666,193.0,0.3345561838743112,0.34931434539935624,pequeno,1.0,Não
T1 vs T3,18,18,9.707548333333333,16.55267,72.0,0.004630782857362428,-1.0276778545518048,grande,0.027784697144174572,Sim
T2 vs T3,18,18,8.173946666666666,16.55267,53.0,0.0005974088369432751,-1.3399930750548694,grande,0.0035844530216596507,Sim
